,index,bitter,meaty,piquant,salty,sour,sweet
0,100-Calorie-Chocolate-Peanut-Butter-Squares-1550858,,,,,,
1,15-Minute-Strawberry-Jam-1683439,0.0,0.16666666666666666,0.0,0.0,0.8333333333333334,0.6666666666666666
2,1_-Classic-Chocolate-Cake-1708247,,,,,,
3,2-Ingredient-Banana-Nutella-Ice-Cream-1707989,0.16666666666666666,0.16666666666666666,0.0,0.16666666666666666,0.5,0.6666666666666666
4,2-Ingredient-Peanut-Butter-Ice-Cream-1711836,0.5,0.5,0.0,0.16666666666666666,0.5,0.6666666666666666
5,21-Day-Fix-No-Bake-Cookies-1502888,0.6666666666666666,0.8333333333333334,0.0,0.16666666666666666,0.16666666666666666,0.8333333333333334
6,3-Ingredient-No-Churn-Lemon-Ice-Cream-1689304,0.0,0.16666666666666666,0.0,0.16666666666666666,0.8333333333333334,0.6666666666666666
7,3-Ingredients-Chocolate-Coconut-Fudge-1703784,0.3333333333333333,0.8333333333333334,0.0,0.16666666666666666,0.16666666666666666,0.8333333333333334
8,4-Ingredient-Chili-Chocolate-Truffles-1696342,,,,,,
9,4-Ingredient-Peanut-Butter-Chocolate-Chip-Larabars-1701685,,,,,,
10,4-Ingredient-Peanut-Butter-Cookies-1634868,0.8333333333333334,0.8333333333333334,0.0,0.16666666666666666,0.0,0.8333333333333334
11,4th-of-July-Fruit-Parfait-1706141,,,,,,
12,5-Ingredient-Healthy-Vegan-Microwave-Brownie-1710910,,,,,,
13,5-Minute-Microwave-Rice-Krispie-Treats-1696086,,,,,,
14,5-Minute-Oreo-Dirt-Cups-1685123,,,,,,
15,Almond-Butter-Cups-1613767,,,,,,
16,Almond-Cheese-Frosting-1710918,0.16666666666666666,0.5,0.0,0.3333333333333333,0.0,0.8333333333333334
17,Almond-Crusted-Chocolate-Torte-1710919,0.8333333333333334,0.6666666666666666,0.0,0.8333333333333334,0.16666666666666666,0.8333333333333334
18,Almond-Hershey-Bar-Pie-1710922,,,,,,
19,Almond-Poppyseed-Shortbread-1711973,0.16666666666666666,0.8333333333333334,0.0,0.16666666666666666,0.5,0.8333333333333334
20,Amaretto-Cherry-Strudel-With-Homemade-Puff-Pastry-_Vegan_-1706616,0.16666666666666666,0.6666666666666666,0.0,0.16666666666666666,0.16666666666666666,0.6666666666666666
21,Amazing-Coconut-Cake-1657030,,,,,,
22,Angel-Food-Cake-and-Berries-with-Lemon-Vanilla-Whipped-Cream-1709598,,,,,,
23,Apple-Pie-Jam-1711105,,,,,,
24,BUTTER-CAKE-W_-CHOCOLATE-SPRINKLES-1713265,0.3333333333333333,0.6666666666666666,0.0,0.5,0.16666666666666666,0.8333333333333334
25,Back-At-School_Mrs_-Fields-Copycat-Chocolate-Chip-Cookie-1701739,0.16666666666666666,0.6666666666666666,0.0,0.5,0.0,0.8333333333333334
26,Baked-Vanilla-Bean-Donuts-1689669,0.16666666666666666,0.16666666666666666,0.0,0.5,0.16666666666666666,0.8333333333333334
27,Banana-Coconut-Cookies-1646753,0.5,0.16666666666666666,0.0,0.16666666666666666,0.3333333333333333,0.8333333333333334
28,Banana-Dessert-1704051,0.3333333333333333,0.16666666666666666,0.0,0.16666666666666666,0.3333333333333333,0.6666666666666666
29,Banana-Fudge-Blondies-1619209,0.16666666666666666,0.8333333333333334,0.0,0.5,0.16666666666666666,0.6666666666666666
30,Banana-Lumpia-with-Coconut-Caramel-Sauce-1704884,0.16666666666666666,0.3333333333333333,0.0,0.16666666666666666,0.16666666666666666,0.5
31,Banana-Pudding-Poke-Cake-1698680,,,,,,
32,Banana-Under-A-Fur-Coat-A-Delicious-And-Simple-Dessert-1700283,0.16666666666666666,0.5,0.0,0.16666666666666666,0.16666666666666666,0.6666666666666666
33,Bananas-Foster-_Vegan_-1695323,0.16666666666666666,0.16666666666666666,0.0,0.16666666666666666,0.16666666666666666,0.8333333333333334
34,Basic-vanilla-pastry-cream-334407,0.16666666666666666,0.3333333333333333,0.0,0.16666666666666666,0.16666666666666666,0.6666666666666666
35,Beer-Brigadeiro-_Brigadeiro-de-Cerveja_-1703584,,,,,,
36,Berry-Banana-Greek-Yogurt-Bowl-1710337,0.16666666666666666,0.16666666666666666,0.0,0.0,0.6666666666666666,0.5
37,Berry-Cheesecake-Pops-1703347,0.5,0.8333333333333334,0.0,0.5,0.6666666666666666,0.6666666666666666
38,Best-Chocolate-Chip-Cookes-_Ever__-1689188,0.16666666666666666,0.8333333333333334,0.0,0.6666666666666666,0.0,0.8333333333333334
39,Best-Chocolate-Peanut-Butter-Cake-1697695,0.5,0.6666666666666666,0.0,0.6666666666666666,0.16666666666666666,0.8333333333333334
40,Best-Dark-Chocolate-Truffle-Recipe-Ever-1690438,0.3333333333333333,0.8333333333333334,0.0,0.16666666666666666,0.16666666666666666,0.8333333333333334
41,Best-Ever-Banana-Cake-1616251,0.16666666666666666,0.16666666666666666,0.0,0.5,0.16666666666666666,0.8333333333333334
42,Best-Ever-Butter-Toffee-1701287,0.16666666666666666,0.8333333333333334,0.0,0.3333333333333333,0.16666666666666666,0.8333333333333334
43,Best-Ever-Mini-No-Bake-Cheesecake-1695967,0.16666666666666666,0.5,0.0,0.16666666666666666,0.16666666666666666,0.8333333333333334
44,Black-and-Blue-Cobbler-1707908,0.16666666666666666,0.16666666666666666,0.0,0.16666666666666666,0.6666666666666666,0.6666666666666666
45,Blackberry-Custard-Tarts-1703941,0.16666666666666666,0.8333333333333334,0.0,0.16666666666666666,0.16666666666666666,0.6666666666666666
46,Blackberry-Dumplin-1706734,,,,,,
47,Blintz-Supreme-1698558,,,,,,
48,Bliss-Bites-_Healthy-No-Bake-Cookies_-1662551,0.8333333333333334,0.8333333333333334,0.0,0.3333333333333333,0.0,0.6666666666666666
49,Blueberry-Cinnamon-Slab-Pie-1710328,0.16666666666666666,0.16666666666666666,0.0,0.6666666666666666,0.3333333333333333,0.6666666666666666
50,Blueberry-Cobbler-1623236,0.16666666666666666,0.16666666666666666,0.0,0.3333333333333333,0.16666666666666666,0.8333333333333334
51,Blueberry-Crumble-I-Adore-Food_-288947,0.16666666666666666,0.6666666666666666,0.0,0.16666666666666666,0.16666666666666666,0.8333333333333334
52,Blueberry-Cupcakes-With-White-Chocolate-Frosting-_Vegan_-1711260,0.16666666666666666,0.16666666666666666,0.0,0.16666666666666666,0.16666666666666666,0.8333333333333334
53,Blueberry-Ice-Cream-Cookie-Bars-_SundaySupper-1699307,0.16666666666666666,0.6666666666666666,0.0,0.6666666666666666,0.16666666666666666,0.5
54,Blueberry-Lemon-Pound-Cake-1699335,0.16666666666666666,0.16666666666666666,0.0,0.16666666666666666,0.5,0.8333333333333334
55,Blueberry-Pound-Cake-1657777,0.16666666666666666,0.16666666666666666,0.0,0.16666666666666666,0.16666666666666666,0.8333333333333334
56,Blueberry-_-Peach-Cobbler-1712105,0.16666666666666666,0.16666666666666666,0.0,0.16666666666666666,0.6666666666666666,0.5
57,Blueberry-and-Strawberry-Shortcake-Kabobs-1712586,0.16666666666666666,0.16666666666666666,0.0,0.16666666666666666,0.8333333333333334,0.8333333333333334
58,Bomboloni-_italian-Doughnuts_-1634809,0.16666666666666666,0.3333333333333333,0.0,0.5,0.6666666666666666,0.5
59,Boozy-Blond-Brownie-Sundae-1703081,0.16666666666666666,0.3333333333333333,0.0,0.6666666666666666,0.16666666666666666,0.8333333333333334
60,Boozy-Dark-Chocolate-Mousse-1620722,,,,,,
61,Bourbon-Brown-Sugar-Ice-Cream-1687671,0.16666666666666666,0.5,0.0,0.16666666666666666,0.16666666666666666,0.8333333333333334
62,Bread-Pudding-1712158,0.16666666666666666,0.5,0.0,0.16666666666666666,0.16666666666666666,0.6666666666666666
63,Bread-Pudding-with-Vanilla-Cream-Sauce-1691045,0.16666666666666666,0.3333333333333333,0.0,0.16666666666666666,0.16666666666666666,0.8333333333333334
64,Brown-Sugar-Vanilla-Bean-Ice-Cream-1710581,,,,,,
65,Browned-Butter-Chocolate-Chunk-Cookies-1697159,0.16666666666666666,0.6666666666666666,0.0,0.8333333333333334,0.0,0.8333333333333334
66,Browned-Butter-Toffee-Sugar-Cookies-1699110,0.16666666666666666,0.5,0.0,0.5,0.0,0.8333333333333334
67,Brownie-Mocha-Popsicles-1700493,0.16666666666666666,0.5,0.0,0.16666666666666666,0.0,0.8333333333333334
68,Brownies-with-Truvia-Natural-Sweetener-746826,0.8333333333333334,0.8333333333333334,0.0,0.6666666666666666,0.16666666666666666,0.6666666666666666
69,Buckeye-Brownies-1633157,,,,,,
70,Butter-Pecan-Cheesecake-with-Chocolate-Glaze-1709782,0.16666666666666666,0.8333333333333334,0.0,0.5,0.16666666666666666,0.6666666666666666
71,Butterscotch-Cookies-1708570,0.16666666666666666,0.6666666666666666,0.0,0.5,0.16666666666666666,0.8333333333333334
72,Butterscotch-Pumpkin-Pie-1709812,0.8333333333333334,0.3333333333333333,0.0,0.6666666666666666,0.5,0.5
73,Butterscotch-Rice-Krispie-Squares-1695770,,,,,,
74,Buttery-Blondies-1698297,0.16666666666666666,0.3333333333333333,0.0,0.5,0.0,0.8333333333333334
75,Cake-Potatoes-with-condensed-milk_-1707435,,,,,,
76,Cake-Raffaello-1703401,,,,,,
77,Cake-Strawberry-1691412,,,,,,
78,Cappuccino-Pavlova-1712796,0.16666666666666666,0.3333333333333333,0.0,0.16666666666666666,0.16666666666666666,0.8333333333333334
79,Caramel-Fudge-Pops-1687020,0.5,0.3333333333333333,0.0,0.16666666666666666,0.0,0.8333333333333334
80,Caramel-Pecan-Brownies-1708312,,,,,,
81,Caramel-Sauce-With-Milk-1598803,,,,,,
82,Carrot-Cheesecake-Swirl-Bars-1709567,0.8333333333333334,0.3333333333333333,0.0,0.8333333333333334,0.5,0.3333333333333333
83,Charlotte-Russe-de-Raspberry-1709781,0.16666666666666666,0.3333333333333333,0.0,0.16666666666666666,0.3333333333333333,0.6666666666666666
84,Cheesecake-Stuffed-Strawberries-1186240,0.16666666666666666,0.16666666666666666,0.0,0.16666666666666666,0.8333333333333334,0.6666666666666666
85,Cheesecake-Stuffed-Strawberries-1678612,0.16666666666666666,0.16666666666666666,0.0,0.16666666666666666,0.8333333333333334,0.5
86,Cheesecake-Swirled-Brownies-1455404,0.16666666666666666,0.8333333333333334,0.0,0.16666666666666666,0.0,0.8333333333333334
87,Cherry-Doughnut-Holes-1635474,0.8333333333333334,0.16666666666666666,0.0,0.8333333333333334,0.16666666666666666,0.5
88,Cherry-Marble-Cake-1682253,0.16666666666666666,0.16666666666666666,0.0,0.6666666666666666,0.16666666666666666,0.6666666666666666
89,Cherry-Mousse-1698523,,,,,,
90,Cherry-Sorbet-1710750,,,,,,
91,Cherry-Vanilla-Shortbread-Tart-1700971,,,,,,
92,Chewy-Brown-Butter-M_M-Blondies-1568627,,,,,,
93,Chewy-Butterscotch-Brownies-1699736,,,,,,
94,Chewy-Oatmeal-Raisin-Cookies-1690592,0.16666666666666666,0.5,0.0,0.16666666666666666,0.16666666666666666,0.8333333333333334
95,Chewy-Sugar-Cookies-1547029,0.16666666666666666,0.6666666666666666,0.0,0.6666666666666666,0.0,0.8333333333333334
96,Chocolate-Caramel-Nutchello-Popsicles-1702354,0.8333333333333334,0.8333333333333334,0.0,0.16666666666666666,0.0,0.8333333333333334
97,Chocolate-Chip-Banana-Coconut-Cake-1710665,0.8333333333333334,0.16666666666666666,0.0,0.3333333333333333,0.16666666666666666,0.6666666666666666
98,Chocolate-Chip-Cookie-Cups-with-Cheesecake-Filling-1713070,0.16666666666666666,0.6666666666666666,0.0,0.8333333333333334,0.0,0.8333333333333334
99,Chocolate-Chip-Cookie-Ice-Cream-Sandwich-Cake-1713020,0.16666666666666666,0.5,0.0,0.16666666666666666,0.16666666666666666,0.8333333333333334
100,Chocolate-Chip-Cookie-_Energy_-Cups-1711957,,,,,,
101,Chocolate-Chip-Cookies-1702915,0.6666666666666666,0.8333333333333334,0.0,0.8333333333333334,0.0,0.8333333333333334
102,Chocolate-Chip-Ice-Cream-1626753,0.16666666666666666,0.5,0.0,0.0,0.3333333333333333,0.6666666666666666
103,Chocolate-Cream-Pie-1687323,0.16666666666666666,0.6666666666666666,0.0,0.16666666666666666,0.16666666666666666,0.8333333333333334
104,Chocolate-Cup-Pudding-1697097,0.3333333333333333,0.16666666666666666,0.0,0.16666666666666666,0.3333333333333333,0.5
105,Chocolate-Dump-It-Cake-1696148,0.5,0.5,0.0,0.6666666666666666,0.16666666666666666,0.8333333333333334
106,Chocolate-Hazelnut-Cupcakes-1703979,0.16666666666666666,0.3333333333333333,0.0,0.16666666666666666,0.16666666666666666,0.8333333333333334
107,Chocolate-Mascarpone-Mousse-1707854,0.16666666666666666,0.6666666666666666,0.0,0.3333333333333333,0.0,0.8333333333333334
108,Chocolate-Matcha-Cups-1681439,0.16666666666666666,0.8333333333333334,0.0,0.16666666666666666,0.16666666666666666,0.6666666666666666
109,Chocolate-Mousse-1596715,,,,,,
110,Chocolate-Peanut-Butter-Freezer-Fudge-_Vegan_-Raw_-1681525,0.8333333333333334,0.8333333333333334,0.0,0.16666666666666666,0.0,0.6666666666666666
111,Chocolate-Peanut-Butter-Macarons-1701137,0.16666666666666666,0.8333333333333334,0.0,0.16666666666666666,0.16666666666666666,0.8333333333333334
112,Chocolate-Pound-Cake-1575218,0.16666666666666666,0.8333333333333334,0.0,0.16666666666666666,0.16666666666666666,0.6666666666666666
113,Chocolate-Pudding-Coke-Cupcakes-1702142,,,,,,
114,Chocolate-Tim-Tam-Cake-With-Mexican-Chocolate-Frosting-1697767,0.16666666666666666,0.5,0.0,0.6666666666666666,0.16666666666666666,0.8333333333333334
115,Chocolate-Turtle-Poke-Cake-1632993,,,,,,
116,Chocolate-Walnut-Hummus-1698065,0.8333333333333334,0.8333333333333334,0.0,0.16666666666666666,0.16666666666666666,0.6666666666666666
117,Chocolate-and-Peanut-Butter-Mug-Cake-1121585,0.8333333333333334,0.8333333333333334,0.0,0.8333333333333334,0.16666666666666666,0.8333333333333334
118,Chocolate-ice-cream-335662,0.16666666666666666,0.6666666666666666,0.0,0.16666666666666666,0.16666666666666666,0.5
119,Chocolate-oreo-buttercream-cups-334740,,,,,,
120,Churro-Cheesecake-Bars-1537527,0.16666666666666666,0.5,0.0,0.16666666666666666,0.16666666666666666,0.8333333333333334
121,Classic-Banoffee-Pie-752966,,,,,,
122,Clean-and-Healthy-Strawberry-Crisp-1695621,0.16666666666666666,0.16666666666666666,0.0,0.16666666666666666,0.8333333333333334,0.5
123,Coconut-Cream-Mousse-Parfait-1704770,0.16666666666666666,0.6666666666666666,0.0,0.16666666666666666,0.16666666666666666,0.5
124,Coconut-Ice-Cream-With-Raspberry-Swirl-1710721,0.16666666666666666,0.6666666666666666,0.0,0.16666666666666666,0.16666666666666666,0.8333333333333334
125,Coconut-banana-fritters-308272,0.16666666666666666,0.16666666666666666,0.0,0.16666666666666666,0.16666666666666666,0.6666666666666666
126,Coffee-Squares-1633692,,,,,,
127,Cookies-and-Cream-Cheesecake-Bars-1701296,,,,,,
128,Cranberry-Chocolate-Chip-Shortbread-1709102,0.16666666666666666,0.8333333333333334,0.0,0.16666666666666666,0.16666666666666666,0.8333333333333334
129,Cranberry-Ice-Cream-1689685,0.16666666666666666,0.16666666666666666,0.0,0.16666666666666666,0.5,0.6666666666666666
130,Cranberry-Orange-Cookies-1640318,0.16666666666666666,0.5,0.0,0.6666666666666666,0.16666666666666666,0.8333333333333334
131,Crazy-Brownies-1701271,0.8333333333333334,0.8333333333333334,0.0,0.8333333333333334,0.16666666666666666,0.5
132,Cream-Cheese-Brownies-1619441,,,,,,
133,Cream-Cheese-Pound-Cake-1687344,0.16666666666666666,0.6666666666666666,0.0,0.16666666666666666,0.0,0.8333333333333334
134,Creamy-Caramel-Apple-Dippers-1702524,0.16666666666666666,0.16666666666666666,0.0,0.16666666666666666,0.16666666666666666,0.6666666666666666
135,Croissant-Bread-Pudding-with-Lemon-Butter-and-Blueberries-1690140,0.16666666666666666,0.5,0.0,0.16666666666666666,0.16666666666666666,0.5
136,Dairy-Free-Coconut-Whipped-Cream-1707740,0.16666666666666666,0.5,0.0,0.16666666666666666,0.16666666666666666,0.6666666666666666
137,Dark-Chocolate-Buttercream---American-Style-1686446,0.5,0.8333333333333334,0.0,0.16666666666666666,0.16666666666666666,0.8333333333333334
138,Dark-Chocolate-Pistachio-Butter-Cookie-Bars-1701440,0.8333333333333334,0.8333333333333334,0.0,0.6666666666666666,0.16666666666666666,0.8333333333333334
139,Dark-Chocolate-and-Walnut-Drenched-Strawberries-and-Cream-Popsicles-1700136,,,,,,
140,Deep-Dish-Apple-Pie-1712786,,,,,,
141,Deep-Dish-Cherry-Pie-1699098,0.16666666666666666,0.3333333333333333,0.0,0.5,0.16666666666666666,0.6666666666666666
142,Deep-Dish-Milky-Way-Cookies-1702267,0.6666666666666666,0.6666666666666666,0.0,0.8333333333333334,0.0,0.8333333333333334
143,Delicious-homemade-ice-cream-1643044,0.16666666666666666,0.16666666666666666,0.0,0.16666666666666666,0.16666666666666666,0.8333333333333334
144,Dietary-Chocolate-Cheesecake-1689180,0.6666666666666666,0.8333333333333334,0.0,0.8333333333333334,0.0,0.3333333333333333
145,Divinity-Candy-Interrupted-1704683,0.16666666666666666,0.3333333333333333,0.0,0.16666666666666666,0.16666666666666666,0.8333333333333334
146,Double-Chewy-Chocolate-Chip-Cookies-1665861,0.5,0.8333333333333334,0.0,0.8333333333333334,0.0,0.8333333333333334
147,Double-Chocolate-Blondies-1680907,0.5,0.8333333333333334,0.0,0.3333333333333333,0.0,0.8333333333333334
148,Double-Chocolate-Muffins-1625170,0.8333333333333334,0.8333333333333334,0.0,0.5,0.0,0.8333333333333334
149,Easy-3-Ingredient-Fudge-1586396,0.6666666666666666,0.8333333333333334,0.0,0.16666666666666666,0.16666666666666666,0.8333333333333334
150,Easy-Apple-Fritters-1712031,,,,,,
151,Easy-Creamy-Smore-Pie-1694198,,,,,,
152,Easy-Crispy-Mini-Meringues-1610845,,,,,,
153,Easy-Lemon-Ginger-Marmalade-1710881,,,,,,
154,Easy-Nutella-Cupcakes-recipe-4-Ingredients-1008547,0.16666666666666666,0.8333333333333334,0.0,0.16666666666666666,0.0,0.8333333333333334
155,Easy-Patriotic-Bark-1640478,,,,,,
156,Easy-Toasted-Marshmallow-Ice-Cream-1689423,0.16666666666666666,0.16666666666666666,0.0,0.16666666666666666,0.16666666666666666,0.8333333333333334
157,Easy-Turtle-Poke-Cake-1709653,,,,,,
158,Easy-peasy-Pavlova-1702587,,,,,,
159,Edible-Egg-less-Chocolate-Chip-Cookie-Dough-1117064,0.16666666666666666,0.8333333333333334,0.0,0.5,0.16666666666666666,0.8333333333333334
160,Edible-Raw-Cookie-Dough-1580714,0.16666666666666666,0.6666666666666666,0.0,0.16666666666666666,0.16666666666666666,0.8333333333333334
161,Egg-Free-Chocolate-Brownies-1712733,0.6666666666666666,0.8333333333333334,0.0,0.16666666666666666,0.16666666666666666,0.6666666666666666
162,Eggless-Chocolate-Cake-1703963,0.16666666666666666,0.16666666666666666,0.0,0.6666666666666666,0.0,0.8333333333333334
163,Eggless-Leche-Flan-1698033,0.6666666666666666,0.16666666666666666,0.0,0.16666666666666666,0.16666666666666666,0.8333333333333334
164,Farmhouse-Pecan-Pie-1698241,0.16666666666666666,0.8333333333333334,0.0,0.3333333333333333,0.16666666666666666,0.8333333333333334
165,Fat-fluffy-snickerdoodles-333823,0.16666666666666666,0.3333333333333333,0.0,0.5,0.16666666666666666,0.8333333333333334
166,Flourless-Chocolate-Cake-With-Matcha-Buttercream-1708952,,,,,,
167,Flourless-Dark-Chocolate-Torte-1639425,,,,,,
168,Fluffy-2-Step-Easter-Cheesecake-1693287,,,,,,
169,Four-ingredient-banana-s_mores-cookies-344560,,,,,,
170,French-Macarons-with-Raspberry-Rose-Buttercream-1707881,0.16666666666666666,0.16666666666666666,0.0,0.16666666666666666,0.6666666666666666,0.8333333333333334
171,French-Rhubarb-Cake-1695455,0.5,0.16666666666666666,0.0,0.16666666666666666,0.3333333333333333,0.6666666666666666
172,Fresh-Peach-Pie-1712610,,,,,,
173,Fresh-Strawberry-Cake-1689603,0.16666666666666666,0.16666666666666666,0.0,0.16666666666666666,0.8333333333333334,0.6666666666666666
174,Frozen-Chocolate-Whips_-_Low-Carb-THM-S_-1548548,0.16666666666666666,0.8333333333333334,0.0,0.16666666666666666,0.16666666666666666,0.16666666666666666
175,Frozen-Lemon-Yogurt-Pie-1628877,,,,,,
176,Frozen-Yogurt-Fruit-Bark-1575470,,,,,,
177,Fruit-Pizza-1678098,0.16666666666666666,0.16666666666666666,0.0,0.16666666666666666,0.16666666666666666,0.6666666666666666
178,Fruit-and-Yogurt-Candy-Corn-Cups-1696223,,,,,,
179,Fudge-Brownie-Cookies-1707454,0.8333333333333334,0.6666666666666666,0.0,0.8333333333333334,0.16666666666666666,0.8333333333333334
180,Fudgiest-Paleo-Brownies-1712981,,,,,,
181,Fudgsicles-1688744,0.16666666666666666,0.6666666666666666,0.0,0.16666666666666666,0.16666666666666666,0.5
182,Fudgy-Brownies-made-with-Greek-Yogurt-1713175,0.6666666666666666,0.3333333333333333,0.0,0.16666666666666666,0.16666666666666666,0.8333333333333334
183,Fudgy-Chunky-Brownies-1686693,0.6666666666666666,0.8333333333333334,0.0,0.5,0.0,0.8333333333333334
184,Funfetti-Cookie-Bars-1576093,0.3333333333333333,0.5,0.0,0.6666666666666666,0.16666666666666666,0.8333333333333334
185,Funfetti-Cupcakes-1708065,0.16666666666666666,0.8333333333333334,0.0,0.6666666666666666,0.16666666666666666,0.8333333333333334
186,Funnel-Cake-1709540,0.16666666666666666,0.16666666666666666,0.0,0.6666666666666666,0.16666666666666666,0.5
187,GLAZED-CHOCOLATE-DONUT-HOLES-1699843,,,,,,
188,German-Apple-Pudding-Cake-_100_-whole-grain_-dairy-free_-1697533,0.16666666666666666,0.16666666666666666,0.0,0.3333333333333333,0.16666666666666666,0.6666666666666666
189,Gluten-Free-Homemade-Peanut-Butter-Cups-1707566,,,,,,
190,Gluten-Free-_-Vegan-Peanut-Butter-Banana-Chocolate-Chip-Blondies-1697879,0.8333333333333334,0.8333333333333334,0.0,0.16666666666666666,0.3333333333333333,0.6666666666666666
191,Gooey-Chocolate-Chip-Cookie-Bars-1710052,0.5,0.8333333333333334,0.0,0.8333333333333334,0.0,0.8333333333333334
192,Grain-Free-Chocolate-Donuts-1712108,0.5,0.8333333333333334,0.0,0.6666666666666666,0.16666666666666666,0.6666666666666666
193,Grain-Free-Individual-Cheesecake-Swirl-Brownies-1712103,0.6666666666666666,0.8333333333333334,0.0,0.5,0.0,0.8333333333333334
194,Grasshopper-Mint-Parfait-1683339,,,,,,
195,Greek-Yogurt-Cheesecakes-1682662,0.16666666666666666,0.3333333333333333,0.0,0.3333333333333333,0.16666666666666666,0.6666666666666666
196,Grilled-Peach-_-Coconut-Sundae-1713019,,,,,,
197,Grilled-Pineapple-1701353,,,,,,
198,Guilt-Free-Chocolate-Pecan-Turtles-1694829,0.8333333333333334,0.8333333333333334,0.0,0.16666666666666666,0.16666666666666666,0.8333333333333334
199,Healthy-4-Ingredient-Maple-Peanut-Butter-Fudge-_naturally-vegan_-gluten-free_-1601222,0.8333333333333334,0.8333333333333334,0.0,0.16666666666666666,0.16666666666666666,0.8333333333333334
200,Healthy-Avocado-Chocolate-Cookies-1353727,0.8333333333333334,0.5,0.0,0.5,0.16666666666666666,0.8333333333333334
201,Healthy-Chocolate-Crepes-_Gluten-and-Grain-Free_-1378391,,,,,,
202,Healthy-Chunky-Monkey-Ice-Cream-_21-Day-Fix-Approved__-1210323,0.6666666666666666,0.5,0.0,0.16666666666666666,0.6666666666666666,0.5
203,Healthy-No-Bake-Cookies-1630917,0.3333333333333333,0.8333333333333334,0.0,0.16666666666666666,0.16666666666666666,0.8333333333333334
204,Healthy-Quinoa-Apple-Kheer-1343719,,,,,,
205,Healthy_-Non-Fat_-Low-Calorie-Vanilla-Mousse-1702386,0.0,0.0,0.0,0.0,0.0,0.16666666666666666
206,HexB-Baked-Oats-1704125,0.8333333333333334,0.16666666666666666,0.0,0.6666666666666666,0.8333333333333334,0.6666666666666666
207,High-Protein-_-High-Fiber-Chocolate-Pudding-1564241,,,,,,
208,Homemade-Apple-Pie-1702025,,,,,,
209,Homemade-Bing-Cherry-Pie-Filling-1703883,0.0,0.16666666666666666,0.0,0.0,0.3333333333333333,0.8333333333333334
210,Homemade-Blackberry-Popsicles-1680654,,,,,,
211,Homemade-Dole-Pineapple-Whip-1703463,0.16666666666666666,0.16666666666666666,0.0,0.16666666666666666,0.8333333333333334,0.8333333333333334
212,Homemade-Pastry-Cream-1064110,,,,,,
213,Homemade-Reeses-Cups-1702187,0.6666666666666666,0.8333333333333334,0.0,0.16666666666666666,0.0,0.8333333333333334
214,Honey-Lemon-Cakelets-1706003,0.16666666666666666,0.5,0.0,0.16666666666666666,0.16666666666666666,0.8333333333333334
215,How-To-Make-Perfect-Sponge-Cake-1620958,0.16666666666666666,0.16666666666666666,0.0,0.16666666666666666,0.0,0.8333333333333334
216,How-To-Make-Puff-Pastry-1054077,0.16666666666666666,0.8333333333333334,0.0,0.3333333333333333,0.0,0.0
217,How-to-Make-Buttermilk-1680065,0.16666666666666666,0.16666666666666666,0.0,0.16666666666666666,0.16666666666666666,0.3333333333333333
218,How-to-Make-Churros-con-Chocolate-at-Home-1641829,0.16666666666666666,0.16666666666666666,0.0,0.16666666666666666,0.16666666666666666,0.6666666666666666
219,How-to-Make-Mirror-Glaze-_Shiny_-Cakes-1695344,,,,,,
220,How-to-Make-Strawberry-Simple-Syrup-1699888,0.0,0.0,0.0,0.0,0.8333333333333334,0.8333333333333334
221,How-to-make-Fondant-1296268,0.0,0.16666666666666666,0.0,0.16666666666666666,0.0,0.8333333333333334
222,Ice-Cream-Bonbons-1697108,0.8333333333333334,0.5,0.0,0.6666666666666666,0.16666666666666666,0.8333333333333334
223,Ice-Cream-Maker-Paleo-Banana-Ice-Cream-1685579,0.16666666666666666,0.16666666666666666,0.0,0.16666666666666666,0.3333333333333333,0.6666666666666666
224,Individual-Chocolate-Pudding-Cheesecake-Parfaits-1706312,0.5,0.3333333333333333,0.0,0.5,0.0,0.8333333333333334
225,Instant-Apple-Walnut-Dessert-1685025,0.16666666666666666,0.16666666666666666,0.0,0.16666666666666666,0.16666666666666666,0.6666666666666666
226,Irish-Soda-Bread-Cookies-1699092,0.16666666666666666,0.3333333333333333,0.0,0.3333333333333333,0.16666666666666666,0.8333333333333334
227,Irresistible-Peanut-Butter-Cookies-1621692,0.3333333333333333,0.8333333333333334,0.0,0.8333333333333334,0.16666666666666666,0.8333333333333334
228,Island-Coconut-Rice-Pudding-with-Tropical-Fruits-1710766,,,,,,
229,Japanese-Mitarashi-Kushi-Dango-1681418,,,,,,
230,Jelly-Bean-Flower-Pot-Cupcakes-1698988,,,,,,
231,Key-Lime-Cookies-1709027,0.16666666666666666,0.5,0.0,0.6666666666666666,0.3333333333333333,0.8333333333333334
232,Key-Lime-Pie-Ice-Cream-1632222,0.16666666666666666,0.16666666666666666,0.0,0.16666666666666666,0.5,0.8333333333333334
233,Khubani-Ka-Meetha-or-Qubani-Ka-Meetha-1693892,,,,,,
234,Lavender-Ice-Cream-1679536,,,,,,
235,Layered-Caramel-Pecan-Toffee-Ice-Cream-Crumble-Cake-1690324,0.16666666666666666,0.6666666666666666,0.0,0.5,0.16666666666666666,0.6666666666666666
236,Layered-Frozen-Yogurt-Blueberry-Lemon-Pie-1697739,0.16666666666666666,0.16666666666666666,0.0,0.16666666666666666,0.5,0.5
237,Leftover-Chocolate-Mousse-Pie-1698295,,,,,,
238,Lemon-Bars-1705795,0.16666666666666666,0.3333333333333333,0.0,0.16666666666666666,0.8333333333333334,0.8333333333333334
239,Lemon-Butter-Cookies-1665595,0.16666666666666666,0.8333333333333334,0.0,0.16666666666666666,0.16666666666666666,0.6666666666666666
240,Lemon-Curd-1567959,0.16666666666666666,0.16666666666666666,0.0,0.16666666666666666,0.8333333333333334,0.8333333333333334
241,Lemon-Curd-Cheesecakes-1711720,0.16666666666666666,0.8333333333333334,0.0,0.5,0.16666666666666666,0.8333333333333334
242,Lemon-Delicious-Pudding-1710085,0.16666666666666666,0.3333333333333333,0.0,0.16666666666666666,0.6666666666666666,0.5
243,Lemon-Lime-Bars-1706484,0.16666666666666666,0.16666666666666666,0.0,0.16666666666666666,0.8333333333333334,0.8333333333333334
244,Lemon-Meltaway-Balls-1653252,,,,,,
245,Lemon-Meringue-Pie-1687870,0.16666666666666666,0.16666666666666666,0.0,0.16666666666666666,0.3333333333333333,0.8333333333333334
246,Lemon-Meringue-Pie-1702663,,,,,,
247,Lemon-Meringue-Pie-Pops-1687896,,,,,,
248,Lemon-Poppy-Seed-Baked-Donuts-1707216,,,,,,
249,Lemon-Poppyseed-Cookies-1678788,0.16666666666666666,0.6666666666666666,0.0,0.5,0.16666666666666666,0.8333333333333334
250,Lemon-Semifreddo-1683935,0.16666666666666666,0.16666666666666666,0.0,0.16666666666666666,0.3333333333333333,0.8333333333333334
251,Lemon-Sorbet_-Easy_-Elegant_-and-Refreshing-1579156,0.16666666666666666,0.0,0.0,0.16666666666666666,0.8333333333333334,0.8333333333333334
252,Lemon-Squares-1705910,0.16666666666666666,0.5,0.0,0.5,0.16666666666666666,0.8333333333333334
253,Lemon-and-Ginger-Ice-Pops-1699290,,,,,,
254,Loaded-Reeses-Peanut-Butter-Cookies-1691222,0.8333333333333334,0.8333333333333334,0.0,0.8333333333333334,0.0,0.8333333333333334
255,Low-Carb-Strawberry-No-Bake-Cheesecakes-1709284,0.16666666666666666,0.6666666666666666,0.0,0.6666666666666666,0.3333333333333333,0.8333333333333334
256,MINI-KEY-LIME-MOUSSE-CUPS-1691342,0.16666666666666666,0.6666666666666666,0.0,0.16666666666666666,0.3333333333333333,0.8333333333333334
257,Maizena-Tamal-_SundaySupper-1699186,0.16666666666666666,0.16666666666666666,0.0,0.16666666666666666,0.16666666666666666,0.5
258,Man-Bars-1703874,0.6666666666666666,0.5,0.0,0.5,0.16666666666666666,0.8333333333333334
259,Mango-Chia-Seed-Overnight-Pudding-1703278,0.5,0.16666666666666666,0.0,0.16666666666666666,0.8333333333333334,0.5
260,Mango-Coconut-Popsicles-1699009,0.16666666666666666,0.3333333333333333,0.0,0.16666666666666666,0.6666666666666666,0.6666666666666666
261,Mango-Lassi-Popsicle-1682559,,,,,,
262,Mango-Sorbet-without-Ice-cream-maker_-Mango-Sorbet-1696157,0.5,0.16666666666666666,0.0,0.5,0.8333333333333334,0.6666666666666666
263,Mango-and-Cream-Overnight-Oats-1708254,,,,,,
264,Manna-1685356,0.16666666666666666,0.16666666666666666,0.0,0.16666666666666666,0.16666666666666666,0.8333333333333334
265,Maple-Berry-Parfait-1710596,0.16666666666666666,0.16666666666666666,0.0,0.16666666666666666,0.8333333333333334,0.5
266,Maple-Glazed-Pumpkin-Seed-Clusters-1694826,0.8333333333333334,0.8333333333333334,0.0,0.6666666666666666,0.16666666666666666,0.6666666666666666
267,Maraschino-Cherries-1694184,0.0,0.16666666666666666,0.0,0.0,0.6666666666666666,0.8333333333333334
268,Marshmallow-Fondant-1678380,0.0,0.16666666666666666,0.0,0.16666666666666666,0.0,0.8333333333333334
269,Marshmallow-Ice-Cream-1611286,0.16666666666666666,0.5,0.0,0.16666666666666666,0.16666666666666666,0.6666666666666666
270,Mascarpone-Cheese-Tiramisu-1695686,0.8333333333333334,0.8333333333333334,0.0,0.6666666666666666,0.16666666666666666,0.6666666666666666
271,Matcha-Truffles-1643018,,,,,,
272,Mexican-Hot-Chocolate-Ice-Cream-1699569,,,,,,
273,Meyer-Lemon-Loaf-Cake-1708218,0.16666666666666666,0.5,0.0,0.3333333333333333,0.3333333333333333,0.8333333333333334
274,Milk-And-Pistachio-Cookies-1705753,0.16666666666666666,0.8333333333333334,0.0,0.5,0.16666666666666666,0.8333333333333334
275,Mini-Chocolate-Peanut-Butter-Cheesecakes-1711315,0.16666666666666666,0.8333333333333334,0.0,0.16666666666666666,0.16666666666666666,0.8333333333333334
276,Mint-Cheesecake-Cups-1694928,,,,,,
277,Mint-Chocolate-Fudge-1691110,0.5,0.8333333333333334,0.0,0.16666666666666666,0.16666666666666666,0.8333333333333334
278,Mint-Mojito-Coffee-Ice-Cream-1708379,0.16666666666666666,0.6666666666666666,0.0,0.16666666666666666,0.16666666666666666,0.5
279,Mixed-Berry-White-Chocolate-Cake-1712599,,,,,,
280,Mocha-Brownie-Sandwich-Cookies-1628581,0.3333333333333333,0.6666666666666666,0.0,0.5,0.0,0.8333333333333334
281,Moist-Yellow-Cake-1693911,0.8333333333333334,0.5,0.0,0.8333333333333334,0.0,0.8333333333333334
282,Moist-_-Easy-Lemon-Cake-_Gluten-Free_-1682920,0.16666666666666666,0.3333333333333333,0.0,0.6666666666666666,0.16666666666666666,0.8333333333333334
283,Molasses-Ginger-Cookies-1699037,0.16666666666666666,0.5,0.0,0.8333333333333334,0.3333333333333333,0.8333333333333334
284,My-FAVORITE-Chocolate-Chip-Cookie-1689060,,,,,,
285,My-Favorite-Strawberry-Pie-1685431,0.16666666666666666,0.16666666666666666,0.0,0.16666666666666666,0.8333333333333334,0.6666666666666666
286,NUT-CAKE-1706939,0.16666666666666666,0.8333333333333334,0.0,0.6666666666666666,0.16666666666666666,0.6666666666666666
287,Neapolitan-Cheesecake-Brownie-Bars-1699753,,,,,,
288,No-Bake-Cheesecake-1710701,0.16666666666666666,0.5,0.0,0.16666666666666666,0.6666666666666666,0.8333333333333334
289,No-Bake-Chocolate-Biscuit-Cake-1705071,0.16666666666666666,0.8333333333333334,0.0,0.16666666666666666,0.16666666666666666,0.8333333333333334
290,No-Bake-Chocolate-Oatmeal-Drops-1570871,0.5,0.6666666666666666,0.0,0.16666666666666666,0.16666666666666666,0.8333333333333334
291,No-Bake-Marshmallows-1643419,0.16666666666666666,0.16666666666666666,0.0,0.16666666666666666,0.16666666666666666,0.8333333333333334
292,No-Bake-Patriotic-Cheesecake-1713024,,,,,,
293,No-Bake-Peanut-Butter-Pie-1701905,,,,,,
294,No-Bake-Protein-Balls-1703774,0.8333333333333334,0.8333333333333334,0.0,0.16666666666666666,0.6666666666666666,0.3333333333333333
295,No-Bake-Scotcheroo-Pie-1682025,,,,,,
296,No-Bake-Strawberry-Topped-Cheesecake-1690635,,,,,,
297,No-Bake-Turtle-Walnut-Brownies-1708056,,,,,,
298,No-Bake_-Hot-Fudge-Brownie-Cheesecake-1705847,,,,,,
299,No-Churn-Cake-Batter-Ice-Cream-1685466,,,,,,
300,No-Churn-Caramel-Oatmeal-Cream-Pie-Ice-Cream-1694276,0.3333333333333333,0.8333333333333334,0.0,0.6666666666666666,0.16666666666666666,0.6666666666666666
301,No-Churn-Chocolate-Peanut-Butter-Shakeology-Ice-Cream-1698943,,,,,,
302,No-Churn-Coffee-Ice-Cream-1176568,0.16666666666666666,0.8333333333333334,0.0,0.16666666666666666,0.16666666666666666,0.8333333333333334
303,No-Churn-S_mores-Ice-Cream-1678170,0.16666666666666666,0.5,0.0,0.16666666666666666,0.16666666666666666,0.8333333333333334
304,Nutella-Cheesecake-1636966,0.16666666666666666,0.8333333333333334,0.0,0.16666666666666666,0.0,0.8333333333333334
305,Nutella-Cheesecake-1701054,,,,,,
306,Nutella-Iced-Coffee-Ice-Popsicles-1690209,,,,,,
307,Nutella-Poptarts-1611454,,,,,,
308,Nutella-mallow-pillow-pockets-335004,0.16666666666666666,0.8333333333333334,0.0,0.16666666666666666,0.0,0.8333333333333334
309,Oatmeal-Cream-Pie-Cake-1712034,0.16666666666666666,0.16666666666666666,0.0,0.8333333333333334,0.16666666666666666,0.8333333333333334
310,Ocean-Cupcakes-in-a-Jar-1705202,,,,,,
311,Old-Fashioned-Raspberry-Preserves-1702540,0.0,0.16666666666666666,0.0,0.0,0.6666666666666666,0.8333333333333334
312,Old-Fashioned-Strawberry-Icebox-Cake-1648043,0.16666666666666666,0.3333333333333333,0.0,0.16666666666666666,0.8333333333333334,0.16666666666666666
313,One-Minute-Chocolate-Mug-Cake-1688634,,,,,,
314,Orange-Bars-1632473,0.16666666666666666,0.3333333333333333,0.0,0.16666666666666666,0.8333333333333334,0.6666666666666666
315,Orange-Cream-Fruit-Dip-1693784,0.16666666666666666,0.8333333333333334,0.0,0.16666666666666666,0.6666666666666666,0.8333333333333334
316,Orange-Creamsicle-Cake_-1711512,,,,,,
317,Orange-Creamsicle-Funfetti-Cookie-Dough-Bars-1711820,,,,,,
318,Orange-Creamsicle-Roll-Out-Cookie-1696765,0.16666666666666666,0.6666666666666666,0.0,0.16666666666666666,0.16666666666666666,0.8333333333333334
319,Orange-Kissed-Chocolate-Chip-Cookies-1708573,0.16666666666666666,0.6666666666666666,0.0,0.8333333333333334,0.16666666666666666,0.8333333333333334
320,Orange-White-Chocolate-Chip-Cookies-1703923,0.5,0.8333333333333334,0.0,0.8333333333333334,0.16666666666666666,0.8333333333333334
321,Orange-_-Coconut-Bundt-1633843,0.16666666666666666,0.16666666666666666,0.0,0.16666666666666666,0.8333333333333334,0.8333333333333334
322,Oreo-Cheesecake-Cookies-1064931,,,,,,
323,Oreo-Cookie-Butter-1707547,0.6666666666666666,0.8333333333333334,0.0,0.8333333333333334,0.16666666666666666,0.8333333333333334
324,Oreo-Stuffed-Chocolate-Chip-Cookies-1114282,0.16666666666666666,0.6666666666666666,0.0,0.8333333333333334,0.0,0.8333333333333334
325,Oreo-cheesecake-pretzel-bites-335005,,,,,,
326,Outstanding-Oatmeal-Cookies-1620232,,,,,,
327,Paleo-Chocolate-Pudding-Cups-1708034,,,,,,
328,Pancake-Cake-1707052,0.16666666666666666,0.16666666666666666,0.0,0.16666666666666666,0.16666666666666666,0.8333333333333334
329,Pat-in-the-Pan-Crust-Quiche-1687727,0.16666666666666666,0.8333333333333334,0.0,0.6666666666666666,0.16666666666666666,0.16666666666666666
330,Patriotic-Sugar-Cookie-Bars-1683860,0.5,0.8333333333333334,0.0,0.6666666666666666,0.16666666666666666,0.8333333333333334
331,Paula-Deen_s-Peach-Cobbler-1709882,0.16666666666666666,0.16666666666666666,0.0,0.16666666666666666,0.16666666666666666,0.8333333333333334
332,Peach-Blueberry-Cobbler-Cake-1712270,0.16666666666666666,0.16666666666666666,0.0,0.5,0.16666666666666666,0.6666666666666666
333,Peach-Cobbler-1704016,0.16666666666666666,0.16666666666666666,0.0,0.16666666666666666,0.3333333333333333,0.6666666666666666
334,Peach-Crisp-1710208,0.16666666666666666,0.16666666666666666,0.0,0.16666666666666666,0.5,0.6666666666666666
335,Peaches-And-Cream-Ice-Cream-_No-Cook_-Egg-Free_-1711400,0.16666666666666666,0.16666666666666666,0.0,0.16666666666666666,0.16666666666666666,0.6666666666666666
336,Peanut-Butter-Bars-1658725,0.6666666666666666,0.8333333333333334,0.0,0.6666666666666666,0.0,0.8333333333333334
337,Peanut-Butter-Brownies-1706190,0.16666666666666666,0.6666666666666666,0.0,0.16666666666666666,0.0,0.8333333333333334
338,Peanut-Butter-Chocolate-Frosted-Cake-1704224,0.6666666666666666,0.6666666666666666,0.0,0.8333333333333334,0.16666666666666666,0.8333333333333334
339,Peanut-Butter-Clouds-1059737,0.3333333333333333,0.8333333333333334,0.0,0.3333333333333333,0.16666666666666666,0.8333333333333334
340,Peanut-Butter-Cookies-1701004,0.5,0.8333333333333334,0.0,0.6666666666666666,0.16666666666666666,0.8333333333333334
341,Peanut-Butter-Cup-Cake-Mix-Cookies-1701912,0.8333333333333334,0.8333333333333334,0.0,0.8333333333333334,0.0,0.8333333333333334
342,Peanut-Butter-Lovers-Ice-Cream-1708422,,,,,,
343,Peanut-Butter-Pie-1663729,0.16666666666666666,0.8333333333333334,0.0,0.3333333333333333,0.16666666666666666,0.8333333333333334
344,Peanut-Butter-SMores-Cheesecake-Ball-1699925,,,,,,
345,Peanut-Butter-_-Chocolate-Sandwich-Cookies-1704631,0.6666666666666666,0.8333333333333334,0.0,0.6666666666666666,0.0,0.8333333333333334
346,Peanut-Powder-Cookies-1705317,0.16666666666666666,0.8333333333333334,0.0,0.6666666666666666,0.0,0.8333333333333334
347,Peanut-butter-bars-335976,0.16666666666666666,0.8333333333333334,0.0,0.3333333333333333,0.0,0.8333333333333334
348,Pear-Mostarda-1704519,,,,,,
349,Pecan-Pie-1585769,,,,,,
350,Pecan-Pie-1684166,,,,,,
351,Pecan-Pie-Bars-1701957,0.16666666666666666,0.8333333333333334,0.0,0.16666666666666666,0.16666666666666666,0.8333333333333334
352,Perfect-No-Cook-Strawberry-Ice-Cream-470497,0.16666666666666666,0.16666666666666666,0.0,0.16666666666666666,0.8333333333333334,0.6666666666666666
353,Perfect-Raw-Vegan-Fudge-1305597,,,,,,
354,Pie-With-Egg-And-Green-Onion-1707048,,,,,,
355,Pina-Colada-Popsicles-_FoodieMamas-1702958,0.16666666666666666,0.16666666666666666,0.0,0.16666666666666666,0.8333333333333334,0.6666666666666666
356,Pineapple-Coconut-Cherry-Dream-Bars-1711885,0.16666666666666666,0.6666666666666666,0.0,0.3333333333333333,0.6666666666666666,0.8333333333333334
357,Pineapple-Lemon-Bars-1712137,0.16666666666666666,0.5,0.0,0.16666666666666666,0.6666666666666666,0.8333333333333334
358,Pineapple-No-Bake-Cheesecake-Dessert-1705419,,,,,,
359,Pineapple-Upside-Down-Cake-1691201,0.16666666666666666,0.3333333333333333,0.0,0.5,0.8333333333333334,0.8333333333333334
360,Pineapple-Upside-Down-Cake-_SundaySupper-1699208,0.16666666666666666,0.16666666666666666,0.0,0.5,0.8333333333333334,0.8333333333333334
361,Popped-Quinoa-Chocolate-Crispy-Cakes-1706096,,,,,,
362,Poptarts-_glutenfree-_vegan-1218741,,,,,,
363,Prettier-In-Pink-Lemonade-Cupcakes-1704163,0.16666666666666666,0.16666666666666666,0.0,0.5,0.5,0.8333333333333334
364,Pumpkin-Pie-Recipe-_Gluten-Free_-Paleo_-1712062,0.16666666666666666,0.8333333333333334,0.0,0.6666666666666666,0.16666666666666666,0.6666666666666666
365,Pumpkin-Spice-Custard-With-Marrow-Infusion-1712116,,,,,,
366,Quick-Puff-Pastry-1619472,,,,,,
367,Quick-_-Easy-Ice-Cream-Cake-1697248,,,,,,
368,Quick-and-Easy-Flaky-Pastry-1602935,0.16666666666666666,0.8333333333333334,0.0,0.5,0.16666666666666666,0.3333333333333333
369,Raspberry-Almond-Shortbread-Cookies-1702565,0.16666666666666666,0.5,0.0,0.16666666666666666,0.16666666666666666,0.8333333333333334
370,Raspberry-Cream-Shortbread-Sandwich-Cookies-1696863,,,,,,
371,Raspberry-Ganache-Thumbprints-1697843,0.6666666666666666,0.8333333333333334,0.0,0.16666666666666666,0.16666666666666666,0.6666666666666666
372,Raspberry-Lemon-Bars-1705691,0.16666666666666666,0.16666666666666666,0.0,0.16666666666666666,0.6666666666666666,0.8333333333333334
373,Raspberry-Sorbet-1611246,0.0,0.16666666666666666,0.0,0.0,0.8333333333333334,0.8333333333333334
374,Raw-Chocolate-Cheesecake-1540731,,,,,,
375,Raw-Ferrero-Rochers_-Nyers-Ferrero-Rocher-1685678,,,,,,
376,Raw-Paleo-Samoas-1627294,0.8333333333333334,0.8333333333333334,0.0,0.8333333333333334,0.16666666666666666,0.8333333333333334
377,Raw-Pineapple-Coconut-Vegan-Cheesecake-1558450,0.16666666666666666,0.8333333333333334,0.0,0.16666666666666666,0.8333333333333334,0.5
378,Raw-Protein-Thin-Mints-_gluten-free_-Low-Sugar_-Vegan_-1641429,,,,,,
379,Raw-Strawberry-Lemon-Summer-Cake-1711291,0.6666666666666666,0.8333333333333334,0.0,0.16666666666666666,0.8333333333333334,0.3333333333333333
380,Reach-_-Nectarine-Galette-1592290,0.16666666666666666,0.16666666666666666,0.0,0.16666666666666666,0.16666666666666666,0.5
381,Recipe-Walnut-shaped-cookies-filled-with-walnut-cream-1635840,,,,,,
382,Red-White-_-Blue-Bites-1704418,,,,,,
383,Red-White-and-Blue-Fruit-Skewers-with-Cheesecake-Yogurt-Dip-1704775,,,,,,
384,Red-White-and-Blue-Popsicles-1708082,0.16666666666666666,0.16666666666666666,0.0,0.16666666666666666,0.8333333333333334,0.5
385,Reesea__s-Tornado-Truffles-1702942,,,,,,
386,Rhubarb-And-Orange-Compote-1705873,0.16666666666666666,0.16666666666666666,0.0,0.16666666666666666,0.8333333333333334,0.5
387,Rhubarb-Custard-Pie-1685083,0.16666666666666666,0.3333333333333333,0.0,0.5,0.16666666666666666,0.8333333333333334
388,Rhubarb-Dump-Cake-1709796,,,,,,
389,Rhubarb-Oatmeal-Bars-1703336,0.16666666666666666,0.3333333333333333,0.0,0.5,0.16666666666666666,0.8333333333333334
390,Rocky-Road-Banana-Ice-Cream-1684972,0.5,0.16666666666666666,0.0,0.16666666666666666,0.5,0.6666666666666666
391,Rolled-Pumpkin-Spice-Cake-with-Cranberry-Jam_-Grand-Marnier-Syrup-_-Cream-Cheese-Filling-1707844,0.16666666666666666,0.16666666666666666,0.0,0.16666666666666666,0.16666666666666666,0.8333333333333334
392,Root-Beer-Float-Ice-Cream-Cake-1711859,0.16666666666666666,0.3333333333333333,0.0,0.3333333333333333,0.16666666666666666,0.8333333333333334
393,Rose_-Strawberry-_-Pistachio-White-Chocolate-Bark-With-Pink-Sea-Salt-1695472,,,,,,
394,Rustic-Free-Form-Tartlets-for-Two-1223965,0.16666666666666666,0.16666666666666666,0.0,0.16666666666666666,0.3333333333333333,0.6666666666666666
395,S_mores-Bars-1700379,0.3333333333333333,0.6666666666666666,0.0,0.8333333333333334,0.0,0.8333333333333334
396,S_mores-Pie_-1710764,0.5,0.8333333333333334,0.0,0.5,0.16666666666666666,0.8333333333333334
397,S_mores-Rice-Krispie-Treats-1702155,,,,,,
398,Salted-Caramel-Apple-Bread-Pudding-1629747,0.16666666666666666,0.16666666666666666,0.0,0.6666666666666666,0.16666666666666666,0.6666666666666666
399,Salted-Caramel-Brownie-Bites-1685698,0.5,0.5,0.0,0.5,0.16666666666666666,0.8333333333333334
400,Salted-Caramel-Kentucky-Butter-Cake-1701862,0.16666666666666666,0.5,0.0,0.6666666666666666,0.16666666666666666,0.8333333333333334
401,Salted-Caramel-White-Chocolate-Cookies-1690890,0.16666666666666666,0.5,0.0,0.6666666666666666,0.16666666666666666,0.8333333333333334
402,Sea-Salted-Chocolate-Honey-Peanut-Butter-Bars-1705035,0.8333333333333334,0.8333333333333334,0.0,0.6666666666666666,0.16666666666666666,0.8333333333333334
403,Self-saucing-Chocolate-Pudding-1627494,0.16666666666666666,0.3333333333333333,0.0,0.16666666666666666,0.16666666666666666,0.8333333333333334
404,Seven-Minute-Frosting-1688889,0.16666666666666666,0.16666666666666666,0.0,0.16666666666666666,0.0,0.8333333333333334
405,Shamrock-No-Bake-Cake-Batter-Truffles-1697707,,,,,,
406,Shortbread-1358942,0.16666666666666666,0.8333333333333334,0.0,0.3333333333333333,0.0,0.6666666666666666
407,Simple-Peach-Cobbler-1601883,,,,,,
408,Skinny-Frozen-Peanut-Butter-Whips-1712468,0.6666666666666666,0.8333333333333334,0.0,0.3333333333333333,0.0,0.6666666666666666
409,Skinny-strawberries-romanoff-352445,0.16666666666666666,0.16666666666666666,0.0,0.16666666666666666,0.8333333333333334,0.5
410,Slow-Cooker-Toffee-Cake-1702435,,,,,,
411,Smores-Fluff-1636839,0.16666666666666666,0.16666666666666666,0.0,0.16666666666666666,0.16666666666666666,0.8333333333333334
412,Smores-Truffles-1203910,0.16666666666666666,0.5,0.0,0.16666666666666666,0.16666666666666666,0.8333333333333334
413,Snickerdoodle-Cheerio-Cookies-1712929,0.6666666666666666,0.5,0.0,0.8333333333333334,0.16666666666666666,0.8333333333333334
414,Snickers-Chocolate-Cake-Mix-Bars-1710321,,,,,,
415,Snickers-Ice-Cream-Cake-Bars-1711862,,,,,,
416,Soft-Chocolate-Chip-Cookies-1694164,0.5,0.8333333333333334,0.0,0.8333333333333334,0.0,0.8333333333333334
417,Soft-Serve-Ice-Cream-1704390,,,,,,
418,Sopapilla-Cheesecake-1707646,,,,,,
419,Sour-Cream-Cake-1701731,0.16666666666666666,0.16666666666666666,0.0,0.16666666666666666,0.16666666666666666,0.8333333333333334
420,Southern-Banana-Pudding-1679904,,,,,,
421,Southern-Blackberry-Cobbler-1628747,0.16666666666666666,0.16666666666666666,0.0,0.16666666666666666,0.3333333333333333,0.6666666666666666
422,Spring-Sprout-Cupcakes-1697546,,,,,,
423,Star-Spangled-Cupcakes-1708615,,,,,,
424,Sticky-Mango-Shortbread-Bars-1708123,0.16666666666666666,0.16666666666666666,0.0,0.16666666666666666,0.8333333333333334,0.8333333333333334
425,Stone-Fruit-Crumble-1703581,0.16666666666666666,0.16666666666666666,0.0,0.0,0.3333333333333333,0.6666666666666666
426,Stovetop-Rice-Pudding-519509,0.16666666666666666,0.16666666666666666,0.0,0.16666666666666666,0.16666666666666666,0.6666666666666666
427,Strawberries-And-Cream-1701082,0.0,0.3333333333333333,0.0,0.16666666666666666,0.8333333333333334,0.16666666666666666
428,Strawberry-Banana-Cheesecake-Salad-1709497,0.16666666666666666,0.16666666666666666,0.0,0.16666666666666666,0.8333333333333334,0.3333333333333333
429,Strawberry-Cheesecake-Pie-_No-Bake_-1704502,0.16666666666666666,0.16666666666666666,0.0,0.16666666666666666,0.8333333333333334,0.5
430,Strawberry-Cupcakes-1685442,0.16666666666666666,0.3333333333333333,0.0,0.3333333333333333,0.6666666666666666,0.8333333333333334
431,Strawberry-Funfetti-Cake-Mix-Cookies-1708375,0.5,0.6666666666666666,0.0,0.6666666666666666,0.16666666666666666,0.8333333333333334
432,Strawberry-Lemon-Curd-Tart-With-Gluten-free-Almond-Crust-1705999,,,,,,
433,Strawberry-Mousse-1631773,,,,,,
434,Strawberry-Oatmeal-Bars-1705924,0.16666666666666666,0.16666666666666666,0.0,0.16666666666666666,0.8333333333333334,0.8333333333333334
435,Strawberry-Poke-Cake-Dessert-1699062,,,,,,
436,Strawberry-Pretzel-Dessert-Squares-1693336,0.16666666666666666,0.16666666666666666,0.0,0.16666666666666666,0.8333333333333334,0.5
437,Strawberry-Rhubarb-Crumb-Pie-_Vegan_-1711293,,,,,,
438,Strawberry-Shortcake-Cheesecake-1697850,0.16666666666666666,0.5,0.0,0.16666666666666666,0.8333333333333334,0.6666666666666666
439,Strawberry-Shortcake-Trifle-1694960,,,,,,
440,Strawberry-Summer-Cake-1696670,0.16666666666666666,0.16666666666666666,0.0,0.16666666666666666,0.8333333333333334,0.6666666666666666
441,Strawberry-and-Elderflower-Curd-Layer-Cake-1713088,,,,,,
442,Strawberry-sorbet-345376,0.16666666666666666,0.0,0.0,0.0,0.8333333333333334,0.16666666666666666
443,Strawberry_-Banana-_-Custard-Ice-Lollies-1693445,,,,,,
444,Sunburst-Lemon-Bars-1225941,0.16666666666666666,0.3333333333333333,0.0,0.16666666666666666,0.16666666666666666,0.8333333333333334
445,Super-Easy-S_Mores-Bars-1698461,,,,,,
446,Sweet-Corn-and-Coconut-Pudding-1708442,,,,,,
447,Sweet-_-Salty-Brownie-Ice-Cream-Sandwiches-1533140,0.3333333333333333,0.16666666666666666,0.0,0.6666666666666666,0.16666666666666666,0.6666666666666666
448,Sweeties-Cookies-1699063,0.3333333333333333,0.3333333333333333,0.0,0.6666666666666666,0.16666666666666666,0.8333333333333334
449,Tangerine-Scented-Almond-Cookies-1701566,0.16666666666666666,0.8333333333333334,0.0,0.16666666666666666,0.5,0.8333333333333334
450,Texas-Sheet-Cake-Skillet-1702801,0.16666666666666666,0.3333333333333333,0.0,0.16666666666666666,0.16666666666666666,0.8333333333333334
451,Thai-Coconut-Mango-Sticky-Rice-1687894,0.16666666666666666,0.16666666666666666,0.0,0.16666666666666666,0.6666666666666666,0.6666666666666666
452,The-Best-Brown-Sugar-Cookie-Recipe-To-Bake-1686793,0.16666666666666666,0.6666666666666666,0.0,0.16666666666666666,0.0,0.8333333333333334
453,The-Best-Creamy-Cheesecake-1587545,0.16666666666666666,0.8333333333333334,0.0,0.6666666666666666,0.16666666666666666,0.6666666666666666
454,The-Best-Ever-Healthy-Chocolate-Chip-Cookies-1712564,0.8333333333333334,0.5,0.0,0.6666666666666666,0.16666666666666666,0.8333333333333334
455,The-Best-Fudgy-Homemade-Brownies_-From-Scratch-1507153,0.5,0.5,0.0,0.3333333333333333,0.0,0.8333333333333334
456,The-Best-Homemade-Vanilla-Frosting-1640830,0.16666666666666666,0.6666666666666666,0.0,0.16666666666666666,0.16666666666666666,0.8333333333333334
457,The-Best-Lemon-Bars-1567157,0.16666666666666666,0.16666666666666666,0.16666666666666666,0.16666666666666666,0.6666666666666666,0.8333333333333334
458,The-Best-No-Bake-Cheesecake-Ever-1696447,0.16666666666666666,0.16666666666666666,0.0,0.16666666666666666,0.8333333333333334,0.8333333333333334
459,The-Easiest-Blackberry-Cobbler-1199798,0.16666666666666666,0.16666666666666666,0.0,0.16666666666666666,0.5,0.8333333333333334
460,The-Easiest-Strawberry-Cake-1697566,,,,,,
461,The-Perfect-Homemade-All-Butter-Pie-Crust-967064,,,,,,
462,The-Ramnut-1327749,,,,,,
463,The-Ultimate-Double-Chocolate-Chip-Cookie-_Gluten-Free_-1712724,0.8333333333333334,0.8333333333333334,0.0,0.8333333333333334,0.0,0.8333333333333334
464,These-Shakeology-Chocolate-Peanut-Butter-Cups-Are-Everything-1711937,,,,,,
465,Thick-Lemony-Lemon-Bars-1624336,0.16666666666666666,0.16666666666666666,0.0,0.16666666666666666,0.6666666666666666,0.8333333333333334
466,Thick-and-Chewy-Chocolate-Chip-Cookies-1686347,0.16666666666666666,0.6666666666666666,0.0,0.3333333333333333,0.0,0.8333333333333334
467,Three-Ingredient-Low-Fat-Creamsicle-Cake-1058647,,,,,,
468,Three-Musketeers-1614982,0.3333333333333333,0.8333333333333334,0.0,0.16666666666666666,0.0,0.8333333333333334
469,Truffle-The-Best-Gift-For-A-Sweet-Tooth-1697144,0.8333333333333334,0.8333333333333334,0.0,0.16666666666666666,0.16666666666666666,0.3333333333333333
470,Ube-Crinkles-1706870,0.5,0.16666666666666666,0.0,0.8333333333333334,0.16666666666666666,0.8333333333333334
471,Ultimate-Vanilla-Cheesecake-1578938,0.16666666666666666,0.8333333333333334,0.0,0.5,0.16666666666666666,0.8333333333333334
472,Upside-Down-Chocolate-Cake-_Whole-Wheat_-Egg-Free_-Dairy-Free_-1710985,0.8333333333333334,0.5,0.0,0.3333333333333333,0.16666666666666666,0.8333333333333334
473,Vanilla-Bean-Yogurt-Dip-and-Patriotic-Fruit-Skewers-1704137,,,,,,
474,Vanilla-Honey-Soft-Serve-Ice-Cream-1700796,,,,,,
475,Vanilla-Magic-Custard-Cake-1359829,0.16666666666666666,0.16666666666666666,0.0,0.16666666666666666,0.16666666666666666,0.6666666666666666
476,Vegan-Berry-Chocolate-Chip-Blondies-1708444,0.16666666666666666,0.8333333333333334,0.0,0.3333333333333333,0.16666666666666666,0.6666666666666666
477,Vegan-Blackberry-Banana-Nice-Cream-1634977,0.16666666666666666,0.16666666666666666,0.0,0.0,0.6666666666666666,0.5
478,Vegan-Chocolate-Peanut-Butter-Cups-1711625,0.8333333333333334,0.8333333333333334,0.0,0.16666666666666666,0.0,0.6666666666666666
479,Vegan-Oatmeal-Chocolate-Chip-Cookies-1711492,,,,,,
480,Vegan-Oatmeal-Raisin-Cookies-1710044,0.5,0.6666666666666666,0.0,0.3333333333333333,0.16666666666666666,0.6666666666666666
481,Vegan-Raspberry-Coconut-Milk-Ice-Cream-1707013,0.16666666666666666,0.16666666666666666,0.0,0.16666666666666666,0.6666666666666666,0.6666666666666666
482,Vegan-Raw-Banana-Cream-Pie-1708729,0.8333333333333334,0.8333333333333334,0.0,0.16666666666666666,0.3333333333333333,0.6666666666666666
483,Vegan-Raw-Key-Lime-Pie-1702360,0.6666666666666666,0.3333333333333333,0.0,0.16666666666666666,0.3333333333333333,0.8333333333333334
484,Vegan-Snickerdoodles-_oil-free-_-gluten-free_-1709762,,,,,,
485,Vegan-Tiramisu-with-Strawberries-1688666,0.6666666666666666,0.8333333333333334,0.0,0.16666666666666666,0.8333333333333334,0.6666666666666666
486,Walnut-Raspberry-Streusel-Bars-1713176,0.5,0.6666666666666666,0.0,0.5,0.16666666666666666,0.6666666666666666
487,Wet-chocolate-cakes-with-liquid-filling_Incredibly-delicious-___-1697996,,,,,,
488,White-Chocolate-Blueberry-Truffles-1612095,0.3333333333333333,0.8333333333333334,0.0,0.16666666666666666,0.16666666666666666,0.8333333333333334
489,White-Chocolate-Cream-Cheese-Strawberry-Cookies-1701374,0.16666666666666666,0.3333333333333333,0.0,0.16666666666666666,0.8333333333333334,0.8333333333333334
490,White-Chocolate-Macadamia-Nut-Blondies-1695516,0.16666666666666666,0.8333333333333334,0.0,0.5,0.16666666666666666,0.8333333333333334
491,White-Chocolate-Raspberry-Ice-Cream-1703836,0.16666666666666666,0.3333333333333333,0.0,0.16666666666666666,0.3333333333333333,0.8333333333333334
492,XL-Chocolate-Chip-Cookie-in-a-Mug-1693326,0.16666666666666666,0.8333333333333334,0.0,0.8333333333333334,0.0,0.8333333333333334
493,Yoghurt-Moulds-With-Chia-Seeds_-1710215,0.16666666666666666,0.16666666666666666,0.0,0.16666666666666666,0.16666666666666666,0.6666666666666666
494,Zebra-Cake-Recipe-_Pastry_-1709189,0.16666666666666666,0.5,0.0,0.16666666666666666,0.0,0.8333333333333334
495,_-Candy-curd-1689094,,,,,,
496,_Fairy-Cake_-1638279,0.16666666666666666,0.5,0.0,0.6666666666666666,0.16666666666666666,0.8333333333333334
497,_Fruit-Cake-_very-light__-1695175,,,,,,
498,_Mulberry-Pie-Recipe_-1708928,,,,,,
499,the-BEST-Carrot-Cake-1697554,,,,,,
